11/8/2011 15:31,12/30/2011 17:11,368465,,AOD25713404-38070,,,1,121.66,0
11/20/2011 18:30,12/5/2011 20:40,399777,,PS2PKGTE00-38313,,,1,36,14.95
11/24/2011 23:55,12/2/2011 20:04,413835,,PN43D450-37923,,,1,470.8,0
11/27/2011 0:00,12/2/2011 17:19,425294,,42PT350-34367,,,1,324.99,0
11/28/2011 21:00,12/2/2011 17:17,428576,,TCP42S30-35818,,,1,481.5,0
11/29/2011 13:30,12/7/2011 19:58,431260,,F502553-37259,,,1,55.6,0
11/29/2011 19:30,12/2/2011 20:04,435376,,50PW350-32082,,,1,624.99,0
11/29/2011 20:30,12/6/2011 14:30,435804,,TCP50X3-35286,,,1,325.72,35
11/30/2011 3:59,12/2/2011 13:04,438795,,55LW5600-38872,,,1,825,0
11/30/2011 19:30,12/1/2011 17:14,441960,,LE2420-35845,,,1,120,34.95
11/30/2011 21:00,12/1/2011 17:14,442011,,AS5736Z4427-38756,,,1,329.99,0
11/30/2011 21:00,12/1/2011 17:14,442012,,VISION24C8G-37226,,,1,14.5,19.9
11/30/2011 21:00,12/1/2011 17:14,442012,,VISION24C8G-37647,,,1,12.99,19.9
11/30/2011 21:30,12/1/2011 17:14,442028,,9701940403-38485,,,1,19.99,0
11/30/2011 22:00,12/1/2011 17:14,442046,,IN5030S11BF-36452,,,1,368.95,0
11/30/2011 22:00,12/1/2011 17:14,442047,,TC7300BLK-38421,,,1,1.15,19.95
11/30/2011 23:00,12/1/2011 14:39,442306,,83070-37914,,,1,14.99,0
11/30/2011 23:30,12/1/2011 17:14,442554,,PN4310-37236,,,1,30.8,0
12/1/2011 0:30,12/1/2011 17:14,442651,,LT2106U-38643,,,1,164.99,0
12/1/2011 1:00,12/2/2011 20:03,442666,,50PT350-37777,,,1,551.99,0
12/1/2011 3:00,12/1/2011 17:14,442688,,LE2420-33802,,,1,159.99,0
12/1/2011 6:00,12/1/2011 14:35,442699,,MC941LLA-38233,,,1,14.99,0
12/1/2011 6:00,12/1/2011 17:13,442700,,MSAVDVD1913-37961,,,1,124.99,0
12/1/2011 8:22,12/1/2011 17:13,442725,,ACC/ANT800R-36400,,,1,40.59,0
12/1/2011 8:30,12/2/2011 20:03,442728,,PN43D450-38402,,,1,408.79,0
12/1/2011 9:00,12/1/2011 17:13,442739,,IN5030S11BF-36452,,,1,368.95,0
12/1/2011 9:00,12/1/2011 17:13,442740,,TWLSPA-38628,,,1,130,14.95
12/1/2011 10:00,12/1/2011 17:13,443778,,46SL417U-37890,,,1,599.99,0
12/1/2011 12:00,12/1/2011 17:13,443983,,98903-35422,,,1,0.99,24.95
12/1/2011 13:00,12/1/2011 17:13,444014,,PN4310-30846,,,1,42.68,0
12/1/2011 13:00,12/1/2011 17:13,444015,,DV76169NR-38434,,,1,563.73,0
12/1/2011 13:30,12/1/2011 17:13,444031,,DX734-37136,,,1,0.99,11.95
12/1/2011 14:30,12/1/2011 17:13,444061,,I15RN8042DB-36781,,,1,439.95,0
12/1/2011 18:00,12/2/2011 20:03,444963,,GQ756-37975,,,1,2.25,42.95
12/1/2011 18:30,12/2/2011 18:52,445143,,KDL60EX720-38467,,,1,1824.99,0
12/1/2011 18:30,12/2/2011 20:03,445145,,IM5030S2800-35038,,,1,309.99,0
12/1/2011 20:00,12/2/2011 20:03,445317,,PN4310-30846,,,1,42.68,0
12/1/2011 20:30,12/2/2011 20:03,445331,,IO23051109M-38729,,,1,620.95,0
12/1/2011 21:00,12/2/2011 20:03,445345,,DSIPKGGS00-38086,,,1,96,14.95
12/1/2011 21:00,12/2/2011 20:03,445346,,DSIPKG2-38361,,,1,91,14.95
12/1/2011 21:00,12/2/2011 17:55,445347,,VISION30C8G-38723,,,1,39.5,0
12/1/2011 21:00,12/2/2011 20:03,445348,,WIIPKG2-38391,,,1,81,14.95
12/1/2011 21:00,12/2/2011 20:03,445349,,DSIPKG1-38304,,,1,91,14.95
12/1/2011 21:30,12/2/2011 20:03,445368,,DV122-34788,,,1,379.99,0
12/1/2011 22:00,12/2/2011 20:03,445384,,610214618351-37368,,,1,0.99,9.95
12/1/2011 23:30,12/2/2011 20:03,445436,,VPCEE31FXBJ-35417,,,1,357.95,0
12/2/2011 0:00,12/2/2011 20:03,445449,,PN4310-30846,,,1,42.68,0
12/2/2011 7:30,12/2/2011 17:57,447672,,MC700HD2M-37478,,,1,12.99,0
12/2/2011 9:00,12/2/2011 20:03,447699,,SP3500ACB-37471,,,1,0.99,14.95
12/2/2011 11:00,12/2/2011 20:03,447746,,AS7739Z4439-38367,,,1,367.95,0
12/2/2011 12:00,12/2/2011 20:03,447776,,X52FX2-35641,,,1,369.99,0
12/2/2011 13:30,12/2/2011 20:03,448118,,DV122-34788,,,1,379.99,0
12/2/2011 15:00,12/2/2011 17:49,448158,,NWZE344BLK-37586,,,1,36,9.95
12/2/2011 16:30,12/2/2011 20:03,448253,,50PW350-32082,,,1,624.99,0
12/2/2011 18:30,12/2/2011 20:03,448900,,PN4310-30846,,,1,42.95,0
12/2/2011 19:00,12/2/2011 20:14,448922,,VISION30C8G-35967,,,1,46,0
12/2/2011 19:00,12/2/2011 20:03,448923,,2102130NRP-38063,,,1,212.95,0
12/2/2011 19:30,12/5/2011 16:57,448944,,PN4310-30846,,,1,42.95,0
12/2/2011 21:00,12/5/2011 16:57,449030,,LPF00004-38395,,,1,80,3.95
12/2/2011 21:00,12/5/2011 16:57,449029,,610214624239-38448,,,1,61,9.95
12/2/2011 21:00,12/5/2011 12:32,449031,,UNSTOPPABLE-38411,,,1,5.5,2.95
12/2/2011 21:00,12/5/2011 16:57,449032,,I15RN8042DB-36781,,,1,439.95,0
12/2/2011 21:30,12/5/2011 16:57,449065,,CS64192-38611,,,1,10.5,15.95
12/2/2011 21:30,12/5/2011 16:57,449064,,PS2PKGTE00-38314,,,1,52,14.95
12/2/2011 22:30,12/5/2011 16:57,449124,,LT3268-38809,,,1,180,0
12/2/2011 23:00,12/5/2011 16:57,449153,,F7D6301-38871,,,1,21,0
12/2/2011 23:30,12/5/2011 16:57,449175,,L745DS4220-38837,,,1,342,0
12/2/2011 23:30,12/5/2011 16:57,449176,,MC979LLA-38880,,,1,429.95,0
12/3/2011 0:00,12/6/2011 15:55,449204,,50PT350-37723,,,1,499.95,0
12/3/2011 1:00,12/5/2011 12:46,449225,,MP6204GBLK-38878,,,1,14.19,0
12/3/2011 2:30,12/5/2011 16:57,449239,,MID81254G-38860,,,1,152.99,0
12/3/2011 8:00,12/5/2011 16:57,449277,,RVLSKABC-38669,,,1,122.5,14.95
12/3/2011 8:00,12/5/2011 16:57,449278,,AOD25713652-38711,,,1,229.99,0
12/3/2011 9:00,12/5/2011 16:57,449298,,PS2PKGACC1-38354,,,1,63.51,14.95
12/3/2011 10:22,12/5/2011 12:37,449342,,ACC/MODNATIONRACERSPSP-27388,,,1,12.31,0
12/3/2011 11:00,12/5/2011 16:57,449367,,00001NARGNLX-38639,,,1,356.66,0
12/3/2011 12:00,12/5/2011 16:56,449962,,SCBTT270-38281,,,1,199.95,0
12/3/2011 12:30,12/5/2011 16:56,451210,,VPCEG23FXW-38854,,,1,494.99,0
12/3/2011 13:30,12/5/2011 16:56,451250,,00001NARGNLX-38742,,,1,377.16,0
12/3/2011 14:30,12/5/2011 16:56,451286,,NSX32GT1-38829,,,1,449.99,0
12/3/2011 16:00,12/5/2011 16:56,451326,,SLED1980-34317,,,1,114.49,0
12/3/2011 16:30,12/5/2011 16:56,451341,,LED2420-38794,,,1,129.79,0
12/3/2011 17:30,12/5/2011 16:56,451360,,LE2420-34161,,,1,129.95,0
12/3/2011 17:52,12/5/2011 16:57,451372,,VPCEL24FXB-37147,,,1,444.99,0
12/3/2011 18:30,12/5/2011 16:56,451395,,DVR620-38805,,,1,126.92,0
12/3/2011 18:30,12/5/2011 16:56,451396,,CA5402-38812,,,1,42.87,0
12/3/2011 19:30,12/5/2011 16:56,451427,,TCP50X3-35289,,,1,537.95,0
12/3/2011 20:00,12/5/2011 16:56,451442,,K53EXR1RD-34501,,,1,414.99,0
12/3/2011 20:00,12/5/2011 16:56,451443,,TDC9E2-30840,,,1,31.95,0
12/3/2011 21:00,12/7/2011 10:21,451479,,42PT350-34367,,,1,324.99,0
12/3/2011 22:00,12/5/2011 16:56,451524,,PS3SCE98133-38386,,,1,26,4
12/3/2011 23:30,12/5/2011 16:56,451558,,610214619945-38127,,,1,9.5,13.95
12/3/2011 23:30,12/5/2011 16:56,451559,,IP105BK-38695,,,1,0.99,19.95
12/4/2011 0:30,12/5/2011 16:56,451577,,ACC/HDTVI-34656,,,1,24.36,0
12/4/2011 2:00,12/5/2011 16:56,451599,,DSIPKGGS00-38571,,,1,118.5,14.95
12/4/2011 8:00,12/5/2011 16:56,451641,,HP2011X-38849,,,1,88,0
12/4/2011 8:30,12/5/2011 16:56,451645,,I15R1570MRB-38902,,,1,352.99,0
12/4/2011 12:52,12/5/2011 12:35,451716,,ACC/ISOUND1597-28076,,,1,15.74,0
12/4/2011 13:00,12/5/2011 16:56,451717,,MSAVDVD1913-38523,,,1,129.99,0
12/4/2011 14:00,12/5/2011 16:56,451737,,F7D5301-37661,,,1,19.95,0
12/4/2011 14:00,12/8/2011 15:44,451738,,PN51D450-38515,,,1,384.99,0
12/4/2011 14:30,12/5/2011 16:56,451752,,HPDV63150-38906,,,1,396,0
12/4/2011 15:00,12/5/2011 16:56,451770,,610214623690-38457,,,1,73,9.95
12/4/2011 15:00,12/5/2011 16:56,451771,,HTD550-37690,,,1,144.95,0
12/4/2011 15:30,12/5/2011 20:40,451791,,TCP50S30-38553,,,1,639.99,0
12/4/2011 16:30,12/5/2011 20:40,451813,,BDVHZ970W-38913,,,1,454.95,0
12/4/2011 18:00,12/5/2011 16:56,451875,,ARCHOS1018G-38863,,,1,244.95,0
12/4/2011 20:00,12/5/2011 16:56,451946,,MP8268G-36795,,,1,52.16,0
12/4/2011 20:30,12/5/2011 16:56,451966,,I14R1181MRB-38194,,,1,449.99,0
12/4/2011 21:00,12/5/2011 16:56,451984,,COOLPIXS4100P-38875,,,1,91.35,0
12/4/2011 22:00,12/5/2011 20:40,452017,,DV122-38830,,,1,303.72,0
12/4/2011 22:22,12/5/2011 16:56,452023,,HTD550-37690,,,1,136.71,0
12/4/2011 22:30,12/6/2011 17:17,452029,,PN51D490-35457,,,1,527.95,0
12/4/2011 23:00,12/5/2011 16:56,452040,,AS57506636-38835,,,1,360,0
12/5/2011 2:00,12/5/2011 16:56,452077,,LT2608W-37746,,,1,219.95,0
12/5/2011 8:52,12/5/2011 16:56,452112,,ACC/DG3601707-36701,,,1,15.9,0
12/5/2011 9:00,12/5/2011 16:56,452115,,VX1435-38381,,,1,69.99,0
12/5/2011 10:22,12/5/2011 18:34,452136,,ACC/LCSCSVCB-31028,,,1,10.95,0
12/5/2011 10:30,12/5/2011 16:55,452140,,GQ756-38826,,,1,63.63,0
12/5/2011 11:30,12/5/2011 20:40,452161,,32C110U-37055,,,1,266.8,0
12/5/2011 12:30,12/5/2011 20:34,452181,,97966-38428,,,1,0.99,7.95
12/5/2011 13:30,12/5/2011 20:40,452209,,SDRH100K-38874,,,1,132.95,0
12/5/2011 14:30,12/5/2011 20:40,452241,,19SL410U-36094,,,1,160.08,0
12/5/2011 15:00,12/5/2011 20:40,452257,,MHSTS20S-38706,,,1,94.49,0
12/5/2011 15:00,12/5/2011 20:40,452258,,DJG200-38409,,,1,158,0
12/5/2011 15:38,12/7/2011 18:06,452273,,42PT350-34367,,,1,321.1,0
12/5/2011 16:00,12/5/2011 20:40,452284,,PN4310-30846,,,1,42.95,0
12/5/2011 16:00,12/5/2011 20:40,452284,,PN4310-30846,,,1,42.95,0
12/5/2011 16:00,12/5/2011 20:32,452285,,VISION24C8G-38006,,,1,39.99,0
12/5/2011 17:00,12/20/2011 19:20,453268,,10CRN1BH9-34398,,,1,51.89,35
12/5/2011 17:00,12/9/2011 15:50,453269,,10CRN1BH9-32664,,,1,51.89,35
12/5/2011 19:00,12/6/2011 17:17,453338,,PN4310-30846,,,1,42.95,0
12/5/2011 19:22,12/6/2011 12:33,453375,,ACC/PS3MINUSB10-33650,,,1,11.14,0
12/5/2011 19:30,12/8/2011 19:05,453382,,TCP42S30-35295,,,1,409.95,0
12/5/2011 20:00,12/8/2011 17:47,453411,,KDL60EX500-38544,,,0,1828.99,0
12/5/2011 20:00,12/8/2011 17:47,453411,,DVDS48PK-39058,,,1,40,0
12/5/2011 20:00,12/8/2011 17:47,453411,,60PZ550-38978,,,1,1149.99,0
12/5/2011 20:30,12/6/2011 17:17,453439,,WIIPKGGS02-38316,,,1,77.88,14.95
12/5/2011 20:30,12/6/2011 17:17,453438,,WIIPKGMONK-38331,,,1,71,14.95
12/5/2011 20:30,12/6/2011 17:17,453440,,EL52200-38845,,,1,7.01,15.95
12/5/2011 20:30,12/6/2011 12:19,453441,,HSC018C-38869,,,1,0.99,8.95
12/5/2011 20:30,12/6/2011 17:17,453442,,XBOX360PKG1-38596,,,1,175,14.95
12/5/2011 20:30,12/6/2011 17:17,453444,,XB3PKGGA08-38561,,,1,172,14.95
12/5/2011 20:30,12/6/2011 17:17,453443,,XB3PKGGA03-38799,,,1,127.5,14.95
12/5/2011 21:00,12/6/2011 17:16,453466,,HDLCD2212-38534,,,1,84.3,34.95
12/5/2011 21:00,12/6/2011 17:16,453467,,F7D5301-37511,,,1,0.99,16.95
12/5/2011 21:00,12/6/2011 17:16,453468,,BDPS580-38808,,,1,79,19.95
12/5/2011 21:00,12/6/2011 17:16,453469,,MC540LLA-38877,,,1,160,9.95
12/5/2011 21:30,12/6/2011 17:16,453493,,ABROCKETTWISTER-37790,,,1,57,29.95
12/5/2011 21:30,12/6/2011 13:47,453494,,TES121-38867,,,1,3.25,9.95
12/5/2011 21:52,12/6/2011 17:17,453518,,ACC/SMG306-24261,,,1,12.45,0
12/5/2011 22:30,12/6/2011 17:16,453536,,SDRH100K-38626,,,1,112.99,0
12/5/2011 22:30,12/6/2011 17:16,453535,,DC550NA-30844,,,1,32.5,0
12/5/2011 22:30,12/6/2011 17:16,453537,,IP10-37712,,,1,20.5,9.95
12/5/2011 22:30,12/6/2011 17:16,453538,,BS9700-38087,,,1,17.58,12.95
12/6/2011 0:00,12/6/2011 17:16,453588,,SPS610-38852,,,1,31.5,0
12/6/2011 0:30,12/6/2011 17:16,453603,,32LK330-38892,,,1,269.06,0
12/6/2011 0:30,12/6/2011 17:16,453604,,83070-37914,,,1,14.99,0
12/6/2011 0:30,12/6/2011 17:16,453605,,DGPS33815-37529,,,1,0.99,5.95
12/6/2011 1:00,12/6/2011 17:16,453616,,DSIPKGGS00-38306,,,1,106,14.95
12/6/2011 1:30,12/6/2011 17:16,453624,,JDTV750-35545,,,1,54.99,0
12/6/2011 1:30,12/6/2011 17:16,453625,,S4G00001-38071,,,1,225.61,14.95
12/6/2011 3:00,12/6/2011 17:16,453647,,DAVTZ130-38907,,,1,6.49,69.95
12/6/2011 7:00,12/6/2011 17:16,453671,,SCBTT370-37689,,,1,249.99,0
12/6/2011 8:30,12/6/2011 17:16,453681,,ACC/IPTDS2-38883,,,1,52.83,0
12/6/2011 9:00,12/6/2011 15:26,453700,,SI114BL-37641,,,1,9.99,0
12/6/2011 10:00,12/6/2011 17:16,453730,,SCHC20-34920,,,1,73.95,0
12/6/2011 10:00,12/6/2011 17:16,453731,,HTD550-38912,,,1,46,69.95
12/6/2011 11:30,12/6/2011 17:16,453791,,G61B78NR-38818,,,1,459.99,0
12/6/2011 11:30,12/6/2011 17:16,453792,,PN4310-30846,,,1,42.95,0
12/6/2011 13:23,12/6/2011 17:16,454096,,VPCEL24FXB-37147,,,1,403.79,0
12/6/2011 13:30,12/6/2011 17:16,454103,,LHB336-38823,,,1,269.1,0
12/6/2011 14:00,12/6/2011 17:16,454804,,X53EXR2-34907,,,1,309.99,0
12/6/2011 14:00,12/6/2011 17:16,454805,,G61B78NR-38419,,,1,464.99,0
12/6/2011 15:30,12/6/2011 17:16,454848,,PN4310-37763,,,1,30.8,0
12/6/2011 16:52,12/6/2011 17:16,454882,,ACC/MH2001-26220,,,1,9.78,0
12/6/2011 17:00,12/7/2011 10:26,454888,,PSPPKGGS01-38305,,,1,96,14.95
12/6/2011 17:00,12/7/2011 10:26,454889,,PN4310-30846,,,2,42.95,0
12/6/2011 18:30,12/7/2011 10:26,454945,,PA7305-38838,,,1,20.5,19.95
12/6/2011 19:00,12/7/2011 17:49,454975,,K53EXR1RD-34501,,,1,414.99,0
12/6/2011 19:00,12/7/2011 17:49,454974,,KXTG4024N-38846,,,1,56,15.95
12/6/2011 19:30,12/7/2011 17:49,454997,,K6070-38698,,,1,69.99,0
12/6/2011 20:00,12/7/2011 17:49,455011,,PN4310-30846,,,1,42.95,0
12/6/2011 20:30,12/7/2011 17:49,455029,,PS3SCE98423-38819,,,1,200.55,14.95
12/6/2011 22:00,12/7/2011 17:49,455071,,AIRCLIMBER-37199,,,1,75.44,0
12/6/2011 23:30,12/7/2011 17:49,455115,,SGPT111USS-38785,,,1,407.95,0
12/7/2011 1:00,12/7/2011 17:49,455133,,DC550NA-30844,,,1,32.49,0
12/7/2011 8:30,12/7/2011 12:17,455197,,JDTV750-36929,,,1,51.99,0
12/7/2011 8:30,12/7/2011 17:49,455198,,JDTV750-36928,,,1,53.99,0
12/7/2011 10:00,12/7/2011 17:48,455225,,46SL412U-37705,,,1,649.99,0
12/7/2011 10:30,12/7/2011 17:48,455236,,TCL32X30-35927,,,1,312.95,0
12/7/2011 11:00,12/7/2011 17:48,455277,,DCRSX85S-36467,,,1,188.99,0
12/7/2011 12:30,12/7/2011 17:48,455392,,OGC91401-38921,,,1,79.99,0
12/7/2011 13:00,12/7/2011 17:48,455417,,PS3SCE98423-38803,,,1,236,14.95
12/7/2011 13:30,12/7/2011 17:48,455449,,XB3PKGWWE-38797,,,1,120,14.95
12/7/2011 13:30,12/7/2011 17:48,455450,,G5914-38429,,,1,25.49,0
12/7/2011 15:00,12/8/2011 17:49,455516,,TF101A1-38858,,,1,337.99,0
12/7/2011 15:30,12/8/2011 17:48,455528,,NSX40GT1-38924,,,1,563.79,0
12/7/2011 16:00,12/8/2011 17:48,461089,,COOLPIXS4100R-38709,,,1,97.89,0
12/7/2011 16:52,12/8/2011 17:49,467054,,LP243,,,1,35.09,0
12/7/2011 17:00,12/8/2011 17:48,467064,,C655DS5134-38828,,,1,269.99,0
12/7/2011 17:34,12/8/2011 20:57,467126,,VPCEL26FXW-38056,,,1,449.99,0
12/7/2011 18:00,12/8/2011 17:48,467146,,BDPS380-38941,,,1,77.99,0
12/7/2011 19:00,12/8/2011 17:48,467244,,PN4310-30846,,,1,42.95,0
12/7/2011 19:00,12/8/2011 17:48,467245,,QUANTUM1100T-38866,,,1,181.17,0
12/7/2011 20:00,12/8/2011 17:48,467309,,LED1920-38887,,,1,116.79,0
12/7/2011 21:00,12/8/2011 17:48,467373,,DC550NA-30844,,,1,32.49,0
12/7/2011 21:00,12/8/2011 17:48,467374,,A5000040US-38824,,,1,239.99,0
12/7/2011 21:30,12/8/2011 14:02,467426,,CXC00008-37906,,,1,43.99,0
12/7/2011 22:00,12/8/2011 17:48,467466,,LBTZX66I-38933,,,1,371.99,0
12/7/2011 23:00,12/8/2011 17:48,467568,,MID70124G-38998,,,1,81.99,0
12/7/2011 23:00,12/8/2011 17:48,467569,,CTK4000-38839,,,1,117.95,0
12/7/2011 23:30,12/8/2011 17:48,467599,,X53UXR1-37859,,,1,278.95,0
12/7/2011 23:30,12/8/2011 17:48,467600,,LT3268-38963,,,1,179.99,0
12/7/2011 23:30,12/8/2011 17:48,467601,,MID70124G-38998,,,1,81.99,0
12/8/2011 0:30,12/8/2011 17:48,467639,,AGS250-38995,,,1,35.99,0
12/8/2011 0:30,12/8/2011 17:48,467640,,ACC/F5L001TT-37484,,,1,16.99,0
12/8/2011 1:22,12/8/2011 17:48,467652,,LP1205,,,1,24.29,0
12/8/2011 2:00,12/8/2011 17:48,467666,,VPCEH27FXW-38816,,,1,579.99,0
12/8/2011 2:22,12/8/2011 17:48,467667,,LP1207,,,1,27.89,0
12/8/2011 2:30,12/8/2011 17:48,467672,,MID70124G-38999,,,1,74.99,0
12/8/2011 2:30,12/8/2011 20:57,467673,,DC550NA-30844,,,3,32.49,0
12/8/2011 3:00,12/8/2011 20:57,467677,,LE2420-33802,,,1,159.99,0
12/8/2011 8:30,12/8/2011 20:57,467757,,CQ56110US-38814,,,1,239.95,0
12/8/2011 9:00,12/8/2011 20:57,467777,,TF101A1DOCK-39104,,,1,98.99,0
12/8/2011 9:30,12/8/2011 20:56,467793,,BDVHZ970W-39084,,,1,464.95,0
12/8/2011 9:30,12/8/2011 20:56,467794,,VG110SIL-35770,,,1,60.89,0
12/8/2011 10:00,12/8/2011 20:56,467815,,DVR620-38987,,,1,134.99,0
12/8/2011 10:00,12/8/2011 20:56,467816,,NSX40GT1-38966,,,1,561.99,0
12/8/2011 10:00,12/8/2011 20:56,467817,,MHCEC909IP-38946,,,1,99.99,0
12/8/2011 10:00,12/8/2011 20:56,467818,,NUVI1490LMT-39092,,,1,134.99,0
12/8/2011 10:30,12/8/2011 20:56,468336,,SGPT111USS-38332,,,1,413.99,0
12/8/2011 10:52,12/8/2011 20:56,468384,,ACC/ANT1251-33916,,,1,12.35,0
12/8/2011 11:30,12/8/2011 20:56,468411,,KDL32BX320-39012,,,1,279.99,0
12/8/2011 11:30,12/8/2011 20:56,468412,,G53JW3DE-38671,,,1,899.99,0
12/8/2011 11:52,12/8/2011 20:56,468428,,ACC/ANT1251-33916,,,1,13.43,0
12/8/2011 12:30,12/8/2011 20:56,468450,,DVD938BLACK-39061,,,1,69.99,0
12/8/2011 13:00,12/8/2011 20:56,468472,,TCP50X3-35289,,,1,539.99,0
12/8/2011 15:30,12/8/2011 20:56,468545,,MID81254G-39001,,,1,148.99,0
12/8/2011 16:00,12/8/2011 20:56,468998,,GQ100-39059,,,1,31.99,0
12/8/2011 16:00,12/8/2011 20:56,468999,,ACC/HDTVI-38423,,,1,24.99,0
12/8/2011 18:43,12/9/2011 17:53,469467,,MID70124G-39081,,,1,78.99,0
12/8/2011 18:57,12/9/2011 17:53,469468,,MID70124G-39081,,,1,78.99,0
12/8/2011 19:52,12/9/2011 17:53,469163,,MID70124G-38998,,,1,78.99,0
12/8/2011 20:00,12/9/2011 17:53,469169,,XB3PKGGA06-38928,,,1,200,14.95
12/8/2011 20:00,12/14/2011 17:27,469168,,0284001106-38358,,,1,36.39,25
12/8/2011 20:00,12/9/2011 17:53,469170,,TWLSSBA-38445,,,1,74,14.95
12/8/2011 20:00,12/9/2011 17:53,469171,,PS2PKGACC1-38354,,,1,63,14.95
12/8/2011 20:22,12/9/2011 17:53,469191,,MID70124G-38998,,,1,78.99,0
12/8/2011 21:00,12/9/2011 17:53,469247,,TCP42X3-35807,,,1,358.99,0
12/8/2011 21:00,12/9/2011 17:53,469246,,I14RN1013DBK-33829,,,1,444.99,0
12/9/2011 0:12,12/9/2011 17:53,469425,,MID81254G-39050,,,1,151.99,0
12/9/2011 0:12,12/9/2011 17:52,469426,,X53URH11-39006,,,1,351.99,0
12/9/2011 0:12,12/9/2011 17:52,469428,,PS2PKGTE00-38314,,,1,44,14.95
12/9/2011 0:12,12/9/2011 16:16,469427,,HTD5300-38884,,,2,247.8,0
12/9/2011 0:30,12/9/2011 17:53,469437,,DAVTZ130-35001,,,1,99.99,0
12/9/2011 0:42,12/9/2011 17:52,469441,,TCP42S30-35818,,,1,564.99,0
12/9/2011 1:30,12/9/2011 17:52,469459,,DC550NA-30844,,,1,32.49,0
12/9/2011 1:43,12/9/2011 17:52,469464,,LED1910-38922,,,1,99.99,0
12/9/2011 1:43,12/9/2011 15:25,469463,,TCP42S30-35082,,,1,478.99,0
12/9/2011 1:43,12/9/2011 17:52,469462,,AE201002SUS-37922,,,1,344.95,0
12/9/2011 5:00,12/9/2011 17:52,469551,,9307100-38236,,,1,14.98,0
12/9/2011 8:00,12/9/2011 17:52,469594,,TCL32X30-38189,,,1,324.99,0
12/9/2011 10:30,12/9/2011 17:52,469838,,DAVTZ130-35086,,,1,97.99,0
12/9/2011 12:30,12/9/2011 18:12,470200,,DHT1918-27464,,,1,64.95,0
12/9/2011 13:30,12/12/2011 17:01,471445,,CMTLX20I-38807,,,1,52.55,0
12/9/2011 13:30,12/12/2011 17:01,471446,,LT3268-39105,,,1,204.95,0
12/9/2011 14:00,12/12/2011 17:01,471467,,ST700-39070,,,1,169.99,0
12/9/2011 14:00,12/12/2011 17:01,471468,,XB360PKG02-38801,,,1,137.5,14.95
12/9/2011 14:00,12/12/2011 17:01,471469,,PN4310-30846,,,1,42.95,0
12/9/2011 15:00,12/12/2011 18:18,471511,,55LW5600-38968,,,1,1299.99,0
12/9/2011 15:35,12/9/2011 19:26,471531,,42PT350-36312,,,1,299.99,0
12/9/2011 15:35,12/9/2011 19:26,471531,,PT5099H-32424,,,1,299.99,0
12/9/2011 16:00,12/12/2011 17:01,471557,,PN4310-30846,,,1,42.95,0
12/9/2011 17:00,12/12/2011 17:01,471603,,X53UXR1-37859,,,1,278.95,0
12/9/2011 18:00,12/13/2011 18:50,471656,,PT4299H-26740,,,1,379.99,0
12/9/2011 18:00,12/12/2011 17:01,471658,,PN4310-38970,,,1,40.99,0
12/9/2011 18:30,12/12/2011 17:00,471675,,NSX40GT1-38924,,,1,563.79,0
12/9/2011 19:00,12/12/2011 17:00,471701,,X53UXR1-37859,,,1,278.95,0
12/9/2011 19:10,12/12/2011 17:00,471715,,IM10184034B-38114,,,1,227.99,0
12/9/2011 19:30,12/12/2011 17:00,471740,,DHT1918-27464,,,1,64.95,0
12/9/2011 21:00,12/12/2011 17:00,471856,,32LK330-38841,,,1,275.04,0
12/9/2011 21:30,12/12/2011 17:00,471879,,MID70124G-39209,,,1,91.99,0
12/9/2011 22:30,12/12/2011 17:00,471928,,DAVTZ130-35086,,,1,97.99,0
12/9/2011 22:30,12/12/2011 17:00,471927,,MID70124G-39081,,,1,96.99,0
12/9/2011 22:30,12/12/2011 17:00,471929,,TF101A1DOCK-39152,,,1,109.99,0
12/9/2011 23:00,12/12/2011 17:52,471963,,ACC/050644521911-38613,,,1,6.99,0
12/9/2011 23:30,12/12/2011 17:00,471985,,BDX4200-37797,,,1,75.99,0
12/10/2011 0:00,12/12/2011 17:00,475585,,PN4310-38979,,,1,35.99,0
12/10/2011 1:00,12/12/2011 17:00,475895,,GQ100-39024,,,1,43.99,0
12/10/2011 3:00,12/12/2011 17:00,475922,,BD630-38666,,,1,83.99,0
12/10/2011 3:00,12/12/2011 17:00,475921,,PN4310-38979,,,1,35.99,0
12/10/2011 4:00,12/12/2011 17:00,475931,,ACC/GS605NA-20716,,,1,12.56,0
12/10/2011 7:00,12/12/2011 17:00,475949,,TCP42S30-35307,,,1,569.99,0
12/10/2011 8:30,12/12/2011 17:00,475968,,TCP50S30-39161,,,1,719.99,0
12/10/2011 9:00,12/12/2011 17:00,475982,,X53EXR2-34907,,,1,309.99,0
12/10/2011 9:30,12/12/2011 17:00,475997,,BDPS380-38988,,,1,73.99,0
12/10/2011 10:30,12/12/2011 17:00,476010,,DAVTZ130-35001,,,1,99.95,0
12/10/2011 11:00,12/12/2011 17:00,476027,,STREAK7-39167,,,1,237.5,0
12/10/2011 12:30,12/12/2011 17:00,476056,,IM10184034B-38114,,,1,227.99,0
12/10/2011 14:00,12/12/2011 17:00,478874,,MID70124G-39207,,,1,83.99,0
12/10/2011 14:30,12/12/2011 17:00,478884,,SX40HS-39151,,,1,376.99,0
12/10/2011 14:30,12/16/2011 18:16,478883,,0284001106-38291,,,1,69.99,25
12/10/2011 15:30,12/12/2011 17:00,478899,,COOLPIXS3100P-39137,,,1,110.4,0
12/10/2011 15:40,12/12/2011 17:00,478902,,COOLPIXL120-39148,,,1,200.1,0
12/10/2011 16:00,12/12/2011 17:00,478908,,DSCW530L-39136,,,1,84.64,0
12/10/2011 16:00,12/12/2011 17:00,478909,,DSCT110R-39071,,,1,123.99,0
12/10/2011 16:00,12/12/2011 17:00,478910,,DHT1918-27464,,,2,64.95,0
12/10/2011 16:30,12/12/2011 17:00,478916,,MHSFS3B-37791,,,1,177.99,0
12/10/2011 17:00,12/12/2011 20:49,478925,,TFTV3229-39063,,,1,207.99,0
12/10/2011 17:00,12/12/2011 20:49,478926,,COOLPIXS9100B-39097,,,1,221.99,0
12/10/2011 18:30,12/12/2011 17:00,478955,,ACC/HDTVI-38418,,,1,17.4,0
12/10/2011 19:30,12/12/2011 20:49,478990,,PN4310-38971,,,1,4.25,10.95
12/10/2011 19:30,12/12/2011 20:49,478991,,MC544LLA-38952,,,1,207.5,9.95
12/10/2011 20:00,12/14/2011 18:13,478997,,CS6114-38602,,,1,5.99,9.95
12/10/2011 20:00,12/12/2011 20:49,478998,,AS7739Z4439-38881,,,1,388.99,0
12/10/2011 20:30,12/12/2011 20:49,479006,,PS2PKGE000-38927,,,1,76,14.95
12/10/2011 20:30,12/12/2011 20:49,479007,,ACC/HDTVI-38423,,,1,23.99,0
12/10/2011 20:50,12/12/2011 17:00,479019,,ACC/HDTVI-38418,,,1,16,0
12/10/2011 21:00,12/12/2011 20:49,479024,,SZ10BLACK-38991,,,1,143.99,0
12/10/2011 21:00,12/12/2011 20:49,479026,,PN4310-30846,,,1,42.95,0
12/10/2011 21:00,12/12/2011 20:49,479025,,DHT1918-27464,,,1,64.95,0
12/10/2011 22:00,12/12/2011 18:21,479042,,BES2100-39042,,,1,30.87,0
12/10/2011 22:50,12/12/2011 17:00,479214,,EXZS5SR-39134,,,1,52.43,0
12/10/2011 23:00,12/12/2011 20:49,479217,,MEUEBC-25160,,,1,27.99,0
12/11/2011 0:30,12/12/2011 20:49,479241,,LN32D450G1D-39130,,,1,296.99,0
12/11/2011 8:30,12/12/2011 20:49,479354,,DGPSP495-37929,,,1,0.99,9.95
12/11/2011 9:00,12/12/2011 20:42,479358,,ACC/DB018B-27213,,,1,2.99,3.95
12/11/2011 9:00,12/12/2011 20:49,479359,,TDC9E2-30840,,,1,31.95,0
12/11/2011 9:30,12/12/2011 20:49,479367,,LT1968-32074,,,1,97.99,0
12/11/2011 10:00,12/12/2011 20:49,479371,,T43H-36011,,,1,78.99,0
12/11/2011 10:30,12/12/2011 20:49,479378,,VM9114-38889,,,1,173.88,0
12/11/2011 11:00,12/12/2011 20:49,479391,,TF101A1-39075,,,1,374.99,0
12/11/2011 11:30,12/12/2011 20:49,479403,,VPCEE45FXT-29737,,,1,429.99,0
12/11/2011 11:30,12/13/2011 20:52,479402,,PN59D550-39066,,,1,1142.95,0
12/11/2011 13:12,12/12/2011 16:59,479520,,LHB536-39056,,,1,377.16,0
12/11/2011 16:31,12/12/2011 20:49,479560,,PS2PKGACC0-38568,,,1,39,14.95
12/11/2011 17:00,12/12/2011 20:49,479575,,SCHR910ZKAM-38121,,,1,147.5,9.95
12/11/2011 17:30,12/12/2011 20:49,479591,,VPCEH27FXW-38820,,,1,644.99,0
12/11/2011 17:30,12/12/2011 20:49,479590,,DAVTZ130-35001,,,1,99.99,0
12/11/2011 18:00,12/12/2011 20:49,479614,,MBPDAUX1-25492,,,1,17.99,0
12/11/2011 19:00,12/12/2011 20:49,479634,,S4G00001-38071,,,1,216,14.95
12/11/2011 21:00,12/12/2011 20:49,479668,,MID81254G-38873,,,1,152.99,0
12/11/2011 22:00,12/12/2011 20:49,479681,,ACC/24775-35957,,,1,21.84,0
12/11/2011 22:30,12/12/2011 20:49,479690,,TCP50X3-35289,,,1,539.99,0
12/11/2011 23:00,12/12/2011 20:49,479706,,NSX40GT1-38924,,,1,563.79,0
12/12/2011 1:01,12/12/2011 20:49,479733,,VIA1535TM-39074,,,1,132.99,0
12/12/2011 2:00,12/12/2011 20:49,479744,,LED2210-34557,,,1,139.99,0
12/12/2011 4:31,12/12/2011 20:49,479766,,DC550NA-30844,,,1,32.95,0
12/12/2011 5:30,12/12/2011 20:49,479835,,HP2000351NR-39135,,,1,349.21,0
12/12/2011 7:00,12/12/2011 20:49,479849,,LT1968-34845,,,1,97.49,0
12/12/2011 9:00,12/12/2011 20:49,479870,,32SLV411U-39035,,,1,355.99,0
12/12/2011 12:00,12/13/2011 18:50,480941,,TCL32X30-35927,,,1,312.95,0
12/12/2011 13:00,12/13/2011 18:50,480972,,PN51D430-39026,,,1,588.99,0
12/12/2011 13:30,12/13/2011 18:50,480978,,AIRCLIMBER-37199,,,1,74.99,0
12/12/2011 14:00,12/13/2011 18:50,480985,,MC164LLA-36909,,,1,56.55,0
12/12/2011 14:30,12/13/2011 18:50,481003,,AS5733Z4469-38834,,,1,357.95,0
12/12/2011 14:30,12/13/2011 18:49,481004,,DAVTZ130-35001,,,1,99.99,0
12/12/2011 14:30,12/13/2011 18:49,481005,,WC501-37459,,,1,0.99,33.85
12/12/2011 14:30,12/13/2011 18:49,481005,,WC503-34974,,,1,0.99,33.85
12/12/2011 14:30,12/13/2011 18:49,481005,,PS2PKGTE00-38312,,,1,40,33.85
12/12/2011 15:30,12/13/2011 18:49,481027,,DVL085-38210,,,1,9.99,19.9
12/12/2011 15:30,12/13/2011 18:49,481027,,EC1616-37380,,,1,8.99,19.9
12/12/2011 15:30,12/13/2011 18:49,481028,,K53EXR1RD-38821,,,1,369.99,0
12/12/2011 17:00,12/13/2011 18:49,481064,,GZHM30AUS-36110,,,1,149.95,0
12/12/2011 17:30,12/13/2011 18:49,481070,,DHT1918-27464,,,1,64.95,0
12/12/2011 18:00,12/13/2011 18:49,481082,,XDVD700-38848,,,1,133.2,0
12/12/2011 18:30,12/13/2011 18:49,481093,,DC550NA-30844,,,1,32.95,0
12/12/2011 18:30,12/13/2011 18:49,481094,,960000048-38483,,,1,13.49,8.95
12/12/2011 19:00,12/13/2011 18:49,481105,,MC540LLA-39171,,,1,170,9.95
12/12/2011 19:00,12/13/2011 16:01,481106,,DGPS33819-39049,,,1,0.99,5.95
12/12/2011 19:00,12/13/2011 18:49,481107,,ANT1400R-39017,,,1,5.5,12.95
12/12/2011 19:00,12/13/2011 18:49,481108,,DSIPKG3-38372,,,1,82,14.95
12/12/2011 19:00,12/13/2011 16:09,481109,,ACC/006B-30942,,,1,0.99,3.25
12/12/2011 20:00,12/13/2011 18:49,481161,,DSCWX9-38631,,,1,119.99,0
12/12/2011 20:00,12/13/2011 18:49,481162,,BDVE770W-35700,,,1,179.99,29.95
12/12/2011 20:00,12/13/2011 16:07,481163,,WC503-38755,,,1,2.99,9.95
12/12/2011 20:30,12/13/2011 18:49,481176,,CO1200-38985,,,1,4.9,11.95
12/12/2011 21:00,12/14/2011 18:13,481190,,TCP42S30-35818,,,1,564.99,0
12/12/2011 21:30,12/13/2011 18:49,481199,,DCRSX85S-38949,,,1,182.99,0
12/12/2011 21:30,12/13/2011 18:49,481200,,AIRCLIMBER-37199,,,1,74.99,0
12/12/2011 22:00,12/13/2011 18:49,481206,,PN4310-30846,,,1,42.95,0
12/12/2011 22:30,12/13/2011 18:49,481217,,AIRCLIMBER-37199,,,1,74.99,0
12/12/2011 22:30,12/13/2011 18:49,481218,,I14RN1013DBK-33829,,,1,428.99,0
12/12/2011 23:00,12/13/2011 18:49,481231,,32SLV411U-39039,,,1,363.99,0
12/12/2011 23:00,12/13/2011 18:49,481230,,98899-37994,,,1,90.01,14.95
12/13/2011 0:31,12/13/2011 18:49,481244,,HDRPJ10-39000,,,1,344.99,0
12/13/2011 1:01,12/13/2011 18:49,481251,,301486-38323,,,1,7.99,7.95
12/13/2011 1:01,12/13/2011 18:49,481252,,32LV2500-35297,,,1,334.95,0
12/13/2011 3:31,12/13/2011 18:49,482272,,00001NARGNLX-38639,,,1,364.99,0
12/13/2011 4:01,12/13/2011 18:49,482275,,LT1968-34862,,,1,97.98,0
12/13/2011 6:31,12/13/2011 18:49,483452,,NSX40GT1-38924,,,1,563.79,0
12/13/2011 9:00,12/13/2011 18:49,483471,,T43H-37169,,,1,79.99,0
12/13/2011 9:30,12/13/2011 18:49,483649,,PN4310-30846,,,1,42.95,0
12/13/2011 11:00,12/14/2011 18:13,484785,,24SLV411U-39009,,,1,242.99,0
12/13/2011 11:30,12/13/2011 18:49,484796,,DV66149NR-36850,,,1,454.95,0
12/13/2011 12:00,12/13/2011 18:49,484808,,32C110U-39122,,,1,266.99,0
12/13/2011 14:30,12/14/2011 18:13,484934,,DVDC350-37870,,,1,27.95,0
12/13/2011 15:30,12/14/2011 18:13,484979,,PN4310-30846,,,1,42.95,0
12/13/2011 17:00,12/14/2011 18:13,485020,,SCXH150-39089,,,1,159.99,0
12/13/2011 17:30,12/14/2011 18:13,485032,,HTD550-37690,,,1,144.95,0
12/13/2011 19:30,12/14/2011 18:13,486982,,11DX2501-37822,,,1,109.99,0
12/13/2011 20:00,12/14/2011 18:13,487006,,HTSS380-39080,,,1,179.99,0
12/13/2011 20:00,12/14/2011 18:13,487007,,HDRPJ10-39100,,,1,434.79,0
12/13/2011 20:30,12/14/2011 18:13,487016,,DC550NA-30844,,,1,32.95,0
12/13/2011 22:00,12/14/2011 18:13,487044,,I5705189PBK-36415,,,1,489.99,0
12/13/2011 23:30,12/14/2011 18:13,487061,,LED1920-38843,,,1,113.92,0
12/14/2011 0:31,12/14/2011 18:13,487073,,MID70124G-39323,,,1,107.99,0
12/14/2011 0:31,12/14/2011 18:13,487074,,MID70124G-39298,,,1,89.99,0
12/14/2011 1:01,12/14/2011 18:13,487082,,MID70124G-39331,,,1,108.99,0
12/14/2011 2:00,12/14/2011 18:13,487094,,MC540LLA-39165,,,1,127.99,0
12/14/2011 5:00,12/14/2011 18:13,487117,,MID70124G-39323,,,1,114.99,0
12/14/2011 5:00,12/14/2011 18:13,487116,,DMPBD75-38658,,,1,59.99,0
12/14/2011 5:30,12/14/2011 18:13,487120,,TCP42S30-35307,,,1,569.99,0
12/14/2011 6:00,12/14/2011 18:13,487121,,I14RN1013DBK-36376,,,1,442.95,0
12/14/2011 6:30,12/14/2011 18:12,487129,,PN4310-38979,,,1,35.99,0
12/14/2011 7:30,12/14/2011 18:12,487138,,TF101A1DOCK-39296,,,1,106.95,0
12/14/2011 8:00,12/14/2011 18:12,487145,,PN4310-30846,,,1,42.95,0
12/14/2011 8:00,12/14/2011 18:12,487144,,PN4310-30846,,,1,42.95,0
12/14/2011 10:00,12/15/2011 17:00,487170,,LT1968-31966,,,1,112.95,0
12/14/2011 10:00,12/15/2011 17:00,487171,,EME443BZ602-39145,,,1,227.99,0
12/14/2011 11:30,12/15/2011 17:00,487634,,PN4310-30846,,,1,42.95,0
12/14/2011 12:30,12/15/2011 17:00,487662,,NV53A05U-38827,,,1,329.99,0
12/14/2011 12:30,12/15/2011 17:00,487661,,TFTV3229-39063,,,1,209.99,0
12/14/2011 13:30,12/15/2011 17:00,487751,,MHSFS3B-37791,,,1,177.99,0
12/14/2011 13:30,12/15/2011 16:59,487752,,IM50301580O-36445,,,1,309.99,0
12/14/2011 14:00,12/15/2011 16:59,487865,,VPCEG1AFXP-39316,,,1,469.99,0
12/14/2011 15:00,12/15/2011 16:59,487879,,DSCW570B-39113,,,1,95.99,0
12/14/2011 16:00,12/15/2011 16:59,487901,,32LK330-38841,,,1,277.99,0
12/14/2011 16:30,12/15/2011 16:59,487932,,PN4310-38979,,,1,35.99,0
12/14/2011 16:30,12/15/2011 16:59,487933,,DVDC350-37870,,,1,27.95,0
12/14/2011 17:00,12/15/2011 16:59,487938,,32LK330-38841,,,1,277.99,0
12/14/2011 18:10,12/15/2011 16:59,487964,,MBPDAUX1-25492,,,1,17.99,0
12/14/2011 19:00,12/15/2011 16:59,487976,,IM50301580O-36445,,,1,309.99,0
12/14/2011 19:30,12/15/2011 16:59,487982,,42LK450-38923,,,1,472.99,0
12/14/2011 20:00,12/15/2011 16:03,487992,,SDFPS-24686,,,1,6.99,0
12/14/2011 20:00,12/15/2011 16:59,487993,,NSX40GT1-38965,,,1,569.99,0
12/14/2011 20:30,12/15/2011 16:59,488002,,PT4209H-35827,,,1,349.99,0
12/14/2011 22:50,12/15/2011 16:59,488037,,ACC/ANT1251-33916,,,1,13.99,0
12/15/2011 0:30,12/15/2011 16:59,488056,,TCP50X3-34393,,,1,522.29,0
12/15/2011 7:30,12/15/2011 16:59,497729,,DC550NA-30844,,,1,32.95,0
12/15/2011 9:00,12/15/2011 16:59,497743,,19SL410U-36094,,,1,144.99,0
12/15/2011 9:30,12/15/2011 16:59,497887,,DCRSX45B-39206,,,1,176.99,0
12/15/2011 10:00,12/15/2011 16:59,498120,,PN43D450-39132,,,1,485.49,0
12/15/2011 10:00,12/15/2011 16:59,498121,,MD058LLA-39174,,,1,252.95,0
12/15/2011 11:30,12/16/2011 16:38,498161,,PSPPKG1-38308,,,1,89.05,14.95
12/15/2011 12:30,12/16/2011 16:38,498182,,TG310BLUE-38629,,,1,126.99,0
12/15/2011 12:30,12/16/2011 16:38,498183,,BDX4200-37797,,,1,75.99,0
12/15/2011 12:52,12/15/2011 16:59,498189,,OHTIB2011A-38297,,,1,64.95,0
12/15/2011 13:03,12/15/2011 16:59,498190,,MC769LLA-39156,,,1,373.44,0
12/15/2011 13:30,12/16/2011 16:39,498205,,50PT350-38113,,,1,539.99,0
12/15/2011 13:30,12/16/2011 16:38,498204,,X53ERH51-39003,,,1,524.99,0
12/15/2011 14:00,12/16/2011 16:39,498216,,MS3607-39002,,,1,6.99,5.95
12/15/2011 15:30,12/16/2011 16:39,498277,,MC544LLA-39175,,,1,214.99,0
12/15/2011 17:00,12/16/2011 16:39,498310,,ABROCKETTWISTER-39333,,,1,99.49,0
12/15/2011 17:00,12/16/2011 16:39,498311,,X53ERH52-39223,,,1,544.99,0
12/15/2011 17:30,12/16/2011 16:39,498326,,ARCHOS1018G-39299,,,1,199.99,0
12/15/2011 19:30,12/16/2011 16:39,498387,,APA30US-36443,,,1,34.99,0
12/15/2011 20:30,12/16/2011 16:39,498411,,LT2468H-36603,,,1,159.99,0
12/15/2011 20:30,12/16/2011 16:39,498412,,HP2000351NR-39179,,,1,299.87,0
12/15/2011 20:30,12/16/2011 16:39,498413,,ACC/24775-35957,,,1,22.99,0
12/15/2011 21:00,12/16/2011 14:53,498423,,ACC/MH2001-35139,,,1,6.99,0
12/15/2011 21:00,12/16/2011 16:39,498425,,A3300IS-39143,,,1,99.99,0
12/15/2011 21:00,12/16/2011 16:39,498424,,DVDC350-37870,,,1,27.95,0
12/16/2011 2:00,12/16/2011 16:39,498492,,NSX32GT1-39234,,,1,464.99,0
12/16/2011 2:00,12/16/2011 16:39,498493,,DVPFX970-39400,,,1,69.99,0
12/16/2011 2:30,12/16/2011 16:39,498496,,PN4310-30846,,,2,42.95,0
12/16/2011 3:00,12/16/2011 16:39,498499,,NSX32GT1-39022,,,1,464.69,0
12/16/2011 3:30,12/16/2011 16:39,498501,,X53ERH51-38822,,,1,519.99,0
12/16/2011 5:30,12/16/2011 16:39,498506,,HP2103040NR-39425,,,1,289.99,0
12/16/2011 5:30,12/16/2011 16:39,498507,,MD200LLA-39225,,,1,303.99,0
12/16/2011 6:30,12/16/2011 16:39,498513,,19SL410U-36094,,,1,144.99,0
12/16/2011 8:00,12/19/2011 17:08,498550,,GZHM30AUS-36110,,,1,149.95,0
12/16/2011 9:00,12/19/2011 17:08,498571,,AGS250-39383,,,1,35.99,0
12/16/2011 9:00,12/19/2011 17:08,498572,,AGS250-39384,,,1,50.99,0
12/16/2011 9:00,12/19/2011 17:08,498573,,UX50VRMSX05-39528,,,1,219.99,0
12/16/2011 9:00,12/19/2011 17:08,498574,,LT3268-39235,,,1,184.99,0
12/16/2011 9:30,12/19/2011 17:08,498667,,I15R1570MRB-39344,,,1,386.99,0
12/16/2011 10:00,12/19/2011 17:08,499090,,TF101A1-38716,,,1,317.95,0
12/16/2011 10:30,12/19/2011 17:08,499699,,NSX32GT1-39022,,,1,464.69,0
12/16/2011 11:00,12/19/2011 17:08,499717,,11DX5001-36734,,,1,167.95,0
12/16/2011 11:02,12/19/2011 17:08,499982,,TFTV3229-39063,,,1,207.99,0
12/16/2011 12:00,12/19/2011 17:08,499983,,EL135203-38850,,,1,299.99,0
12/16/2011 13:00,12/19/2011 17:08,500114,,MP8268G-36717,,,1,52.99,0
12/16/2011 13:00,12/19/2011 17:08,500113,,TCP50X3-35289,,,1,539.99,0
12/16/2011 13:30,12/19/2011 17:08,500145,,UN22D5003-38728,,,1,204.99,0
12/16/2011 13:30,12/19/2011 17:08,500146,,FLCAN64-39189,,,1,46.99,0
12/16/2011 14:00,12/19/2011 17:08,500184,,22LV2500-38181,,,1,179.99,0
12/16/2011 14:00,12/19/2011 17:08,500183,,I15RN8042DB-34649,,,1,364.99,0
12/16/2011 14:00,12/19/2011 17:08,500185,,MHCEC69i-39242,,,1,56.99,0
12/16/2011 14:30,12/19/2011 20:56,500224,,VPCF233FXB-38037,,,1,819.99,0
12/16/2011 14:30,12/19/2011 17:08,500225,,GQ100-39024,,,1,46.99,0
12/16/2011 15:00,12/19/2011 17:08,500264,,22LV2500-38181,,,1,182.99,0
12/16/2011 15:00,12/19/2011 17:08,500265,,NSX40GT1-39551,,,1,562.79,0
12/16/2011 15:48,12/16/2011 19:50,500437,,42PT350-34367,,,2,315,0
12/16/2011 16:00,12/19/2011 17:08,500517,,PA7305-39410,,,1,28.99,0
12/16/2011 16:30,12/19/2011 17:08,500629,,DSCWX9-39376,,,1,130.99,0
12/16/2011 18:00,12/19/2011 17:08,500869,,LED2420-39255,,,1,159.99,0
12/16/2011 18:30,12/19/2011 17:08,500931,,CS6114-39231,,,1,19.99,0
12/16/2011 20:30,12/19/2011 17:08,501165,,DAVTZ130-35664,,,1,107.99,0
12/16/2011 20:30,12/28/2011 10:59,501166,,50PK550-35865,,,1,444.95,0
12/16/2011 21:00,12/19/2011 17:08,501206,,OHTIB2011A-38297,,,1,66.99,0
12/16/2011 21:30,12/19/2011 17:08,501252,,VMPL3B-39321,,,1,99.99,0
12/16/2011 22:00,12/19/2011 20:56,501289,,NSX40GT1-38965,,,1,569.99,0
12/16/2011 22:00,12/19/2011 20:56,501290,,LN32D450G1D-39014,,,1,263.99,0
12/16/2011 22:30,12/19/2011 17:07,501321,,MHSTS20S-38950,,,1,112.99,0
12/16/2011 23:00,12/19/2011 17:07,501352,,GZHM30AUS-39322,,,1,139.99,0
12/16/2011 23:00,12/19/2011 17:07,501351,,ACC/24775-35957,,,1,22.99,0
12/16/2011 23:10,12/19/2011 17:07,501427,,S4G00001-39332,,,1,263.99,0
12/16/2011 23:20,12/19/2011 20:56,501429,,ACC/711719805205-39497,,,1,13.99,0
12/16/2011 23:30,12/19/2011 17:07,501387,,DAVTZ130-35664,,,1,108.5,0
12/16/2011 23:30,12/19/2011 12:00,501388,,ACC/711719805304-39577,,,1,13.99,0
12/16/2011 23:30,12/19/2011 16:29,501389,,L745DS4220-38840,,,1,341.99,0
12/16/2011 23:30,12/19/2011 16:30,501390,,XU015UT-39443,,,1,418.99,0
12/16/2011 23:30,12/19/2011 17:07,501392,,PN4310-30846,,,1,42.95,0
12/16/2011 23:30,12/19/2011 17:07,501391,,VPCEL24FXB-38060,,,1,399.99,0
12/16/2011 23:40,12/19/2011 17:07,501397,,S4G00001-39332,,,1,263.99,0
12/17/2011 0:17,12/19/2011 17:07,501428,,DVPSR200PB-39421,,,1,17.99,0
12/17/2011 0:30,12/19/2011 17:07,501431,,HP2000217NR-38905,,,1,229.88,0
12/17/2011 0:50,12/19/2011 17:07,501450,,XU015UT-39536,,,1,367.99,0
12/17/2011 1:00,12/19/2011 17:07,501458,,DSCW530L-39300,,,1,84.99,0
12/17/2011 1:20,12/20/2011 19:27,501473,,TCP55ST30-38092,,,1,979.99,0
12/17/2011 1:42,12/19/2011 17:07,501558,,AGS250-39272,,,1,35.99,0
12/17/2011 2:10,12/19/2011 17:07,501548,,ACC/RVLACJW1-39461,,,1,21.99,0
12/17/2011 5:10,12/19/2011 17:07,501602,,TFDVD3295-39409,,,1,239.99,0
12/17/2011 7:10,12/19/2011 17:07,501682,,DJG200-39090,,,1,132.99,0
12/17/2011 8:30,12/19/2011 17:07,501694,,DMPBD75-38658,,,1,62.99,0
12/17/2011 8:30,12/19/2011 20:56,501695,,PN4310-30846,,,1,42.95,0
12/17/2011 8:50,12/19/2011 17:07,501709,,KDL32BX320-39441,,,1,279.99,0
12/17/2011 9:30,12/19/2011 17:07,501736,,XU015UT-39536,,,1,367.99,0
12/17/2011 9:40,12/19/2011 17:07,501743,,DSCT110R-39394,,,1,120.99,0
12/17/2011 10:10,12/19/2011 17:07,501767,,EL52200-39301,,,1,29.99,0
12/17/2011 11:30,12/19/2011 17:07,501878,,S4G00001-39332,,,1,263.99,0
12/17/2011 11:30,12/19/2011 20:56,501879,,MAF30-25102,,,1,22.49,0
12/17/2011 11:30,12/19/2011 20:56,501880,,50PW350-38935,,,1,559.99,0
12/17/2011 12:00,12/19/2011 17:07,501910,,ACC/RVLACGK-35102,,,2,24.99,0
12/17/2011 12:40,12/19/2011 17:07,501961,,ACC/RVLACGK-35102,,,1,24.99,0
12/17/2011 13:00,12/20/2011 19:21,501985,,PN51D450-39115,,,1,596.99,0
12/17/2011 13:20,12/19/2011 17:07,502005,,HTD6500W-39227,,,1,378.84,0
12/17/2011 13:20,12/20/2011 16:28,502006,,ACC/MC400DFO2M-30949,,,1,7.99,0
12/17/2011 13:30,12/19/2011 20:56,502017,,EXZS10PK-38248,,,1,68.49,0
12/17/2011 13:50,12/19/2011 17:07,502031,,ACC/MH2001-35139,,,1,6.99,0
12/17/2011 14:30,12/19/2011 20:56,502063,,UN32D4000-39538,,,1,359.99,0
12/17/2011 14:30,12/19/2011 20:56,502064,,I14R1181MRB-39267,,,1,454.99,0
12/17/2011 15:30,12/19/2011 20:56,502108,,LT4268-39244,,,1,395.99,0
12/17/2011 15:30,12/19/2011 20:56,502109,,STREAK7-39442,,,1,242.99,0
12/17/2011 15:30,12/20/2011 17:12,502110,,NSX46GT1-39619,,,1,774.95,0
12/17/2011 15:40,12/19/2011 17:07,502117,,IM10184034B-38114,,,1,227.99,0
12/17/2011 17:30,12/19/2011 17:07,502195,,SCHC20-38702,,,1,53.99,0
12/17/2011 17:30,12/19/2011 20:56,502196,,PN4310-30846,,,2,42.95,0
12/17/2011 17:30,12/19/2011 20:56,502196,,PN4310-30846,,,8,42.95,0
12/17/2011 17:40,12/19/2011 19:53,502203,,PN51D450-39293,,,1,477.23,0
12/17/2011 18:30,12/19/2011 20:56,502232,,HP2000351NR-39320,,,1,341.99,0
12/17/2011 18:30,12/19/2011 20:56,502234,,APX515CKT-39358,,,1,187.5,9.95
12/17/2011 18:30,12/19/2011 20:56,502233,,G3PKGGS000-37990,,,1,10.6,14.95
12/17/2011 18:30,12/19/2011 20:56,502235,,885370325348-39355,,,1,275.05,14.95
12/17/2011 19:00,12/19/2011 20:55,502254,,PS2PKGTE00-38312,,,1,41,14.95
12/17/2011 19:00,12/19/2011 20:55,502255,,UTLSMRKA-39352,,,1,169.16,14.95
12/17/2011 19:00,12/19/2011 20:55,502256,,GBAPKGGS00-38585,,,1,21.5,14.95
12/17/2011 19:00,12/19/2011 20:55,502257,,SPHM350ZKS-39359,,,1,22.5,9.95
12/17/2011 19:30,12/19/2011 20:55,502283,,APA9292WT-39362,,,1,192.5,9.95
12/17/2011 19:30,12/19/2011 20:55,502284,,NSX32GT1-39234,,,1,464.99,0
12/17/2011 20:00,12/19/2011 20:55,502292,,PN4310-30846,,,1,42.95,0
12/17/2011 20:30,12/19/2011 20:55,502318,,NWZS545BLK-39608,,,1,67.95,0
12/17/2011 21:00,12/19/2011 20:55,502349,,DECT15802-39086,,,1,20.99,0
12/17/2011 21:00,12/19/2011 20:55,502350,,32C110U-39111,,,1,249.99,0
12/17/2011 21:30,12/19/2011 17:07,502375,,NSX46GT1-39259,,,1,783.99,0
12/17/2011 22:00,12/19/2011 20:55,502399,,TWLSKA-37552,,,1,72,14.95
12/17/2011 23:00,12/19/2011 20:55,502438,,19SLV411U-39317,,,1,166.99,0
12/18/2011 1:01,12/19/2011 20:55,502479,,DP7510-36945,,,1,49.99,0
12/18/2011 1:31,12/19/2011 20:55,502490,,DGPS31323-39490,,,1,37.99,0
12/18/2011 1:31,12/19/2011 20:55,502491,,UTLSMRKA-39353,,,1,132.51,14.95
12/18/2011 2:00,12/19/2011 20:55,502500,,MID70124G-39419,,,1,114.99,0
12/18/2011 7:00,12/19/2011 17:07,502537,,ACC/ANT121-38992,,,1,7.35,0
12/18/2011 9:00,12/19/2011 20:55,502566,,VPCEG23FXW-39605,,,1,499.99,0
12/18/2011 12:00,12/19/2011 20:55,502648,,ACC/SMG306-24187,,,1,14.99,0
12/18/2011 12:30,12/19/2011 20:55,502657,,32LV2400-39221,,,1,298.99,0
12/18/2011 13:00,12/19/2011 17:07,502670,,SMXF50BNXAA-39563,,,1,107.99,0
12/18/2011 13:00,12/19/2011 20:55,502671,,SGA3702-39336,,,1,51.99,0
12/18/2011 13:30,12/19/2011 14:52,502682,,ACC/CD320-33544,,,1,7.99,0
12/18/2011 14:00,12/20/2011 17:12,502689,,TFTV3229-39063,,,1,209.99,0
12/18/2011 14:20,12/19/2011 17:07,502702,,K320-38655,,,1,16.99,0
12/18/2011 14:30,12/19/2011 20:55,502705,,19SL410U-36094,,,1,144.99,0
12/18/2011 15:00,12/19/2011 20:55,502712,,PN4310-30846,,,1,42.95,0
12/18/2011 15:10,12/19/2011 14:16,502716,,ACC/MB352LLB-36198,,,1,5.51,0
12/18/2011 15:20,12/19/2011 14:50,502717,,ACC/MB352LLB-36198,,,1,5.51,0
12/18/2011 15:30,12/19/2011 20:55,502724,,22395AJH-38960,,,1,91.99,0
12/18/2011 16:00,12/19/2011 20:55,502732,,DTV102-38424,,,1,26.99,0
12/18/2011 16:00,12/19/2011 20:55,502731,,DAVTZ130-38681,,,1,109.99,0
12/18/2011 16:00,12/19/2011 20:55,502733,,AIRCLIMBER-39385,,,1,79.99,0
12/18/2011 16:30,12/19/2011 20:55,502741,,PN4310-30846,,,1,42.95,0
12/18/2011 16:30,12/19/2011 20:55,502740,,L745DS4220-38836,,,1,379.99,0
12/18/2011 18:30,12/19/2011 20:55,502772,,PT4299H-26740,,,1,379.99,0
12/18/2011 18:30,12/19/2011 20:55,502773,,MC980LLA-39164,,,1,525.69,14.95
12/18/2011 19:00,12/19/2011 20:55,502791,,50PT350-38113,,,1,538.99,0
12/18/2011 19:30,12/19/2011 20:55,502803,,19SL410U-36094,,,1,144.99,0
12/18/2011 20:20,12/19/2011 17:07,502826,,ACC/ANT1400-39295,,,1,8.99,0
12/18/2011 20:30,12/20/2011 17:12,502830,,TFTV3227-39453,,,1,191.99,0
12/18/2011 20:30,12/19/2011 20:55,502831,,UFCTRAINER-38405,,,1,42.99,0
12/18/2011 20:30,12/19/2011 20:55,502832,,DC550NA-30844,,,1,32.95,0
12/18/2011 20:40,12/19/2011 17:07,502836,,S4G00001-39332,,,1,263.99,0
12/18/2011 21:30,12/19/2011 20:55,502857,,PN4310-30846,,,1,42.95,0
12/18/2011 22:30,12/19/2011 20:55,502883,,AS52500468-39268,,,1,299.99,0
12/18/2011 23:30,12/19/2011 20:54,502905,,PN4310-30846,,,1,42.95,0
12/18/2011 23:30,12/19/2011 20:54,502906,,L745DS4220-38836,,,1,379.99,0
12/19/2011 0:00,12/19/2011 20:54,502929,,TWLSPA-39407,,,1,113.51,14.95
12/19/2011 0:00,12/19/2011 20:54,502928,,DV66149NR-39184,,,1,454.99,0
12/19/2011 0:00,12/20/2011 17:12,502927,,MB735LLA-39513,,,1,67.88,9.95
12/19/2011 0:00,12/20/2011 17:12,502930,,NSX32GT1-39013,,,1,459.99,0
12/19/2011 1:01,12/19/2011 20:54,502941,,DC550NA-30844,,,1,32.95,0
12/19/2011 3:10,12/19/2011 17:45,503036,,ACC/MH2001-35139,,,1,6.99,0
12/19/2011 4:30,12/20/2011 17:12,503047,,TFTV3229-39256,,,1,209.69,0
12/19/2011 4:30,12/20/2011 17:12,503048,,LT3268-39570,,,1,207.99,0
12/19/2011 4:30,12/22/2011 15:27,503049,,PT4209H-35454,,,1,334.99,0
12/19/2011 5:30,12/19/2011 20:54,503057,,42PT350-35444,,,1,399.99,0
12/19/2011 6:00,12/19/2011 20:54,503065,,TS3101125F-39218,,,1,569.99,0
12/19/2011 9:00,12/20/2011 17:12,503085,,DJG200-38409,,,1,157.99,0
12/19/2011 9:30,12/20/2011 17:12,503093,,MC540LLA-39428,,,1,149,9.95
12/19/2011 10:00,12/20/2011 17:12,503104,,MB754LLA-39514,,,1,102.5,9.95
12/19/2011 10:33,12/20/2011 17:25,503147,,ACC/MH2001-26221,,,1,6.99,0
12/19/2011 11:00,12/20/2011 17:12,503128,,I15RN8042DB-34649,,,3,364.99,0
12/19/2011 12:00,12/20/2011 17:12,503615,,19SLV411U-39568,,,1,199.99,0
12/19/2011 12:30,12/20/2011 17:12,504014,,SLED2480-38540,,,1,179.99,0
12/19/2011 12:30,12/20/2011 17:12,504013,,ARCHOS1018G-39562,,,1,202.99,0
12/19/2011 14:30,12/20/2011 17:12,504072,,PN4310-30846,,,1,42.95,0
12/19/2011 15:00,12/20/2011 17:12,504093,,TCP42S30-35295,,,1,499.99,0
12/19/2011 16:00,12/20/2011 17:12,504332,,VPCEE42FXBJ-39176,,,1,364.95,0
12/19/2011 16:00,12/20/2011 17:12,504333,,CD9901DM3U-39096,,,1,66.71,0
12/19/2011 16:20,12/20/2011 17:12,504344,,TFTV3229-39256,,,1,207.99,0
12/19/2011 17:30,12/20/2011 17:30,504380,,ACC/DGDSI1933-35191,,,1,13.99,0
12/19/2011 17:30,12/20/2011 17:12,504381,,PN4310-30846,,,1,42.95,0
12/19/2011 18:30,12/20/2011 17:12,504396,,X53ERH31RD-39181,,,1,412.99,0
12/19/2011 19:00,12/20/2011 17:12,504411,,DC550NA-30844,,,1,32.95,0
12/19/2011 19:00,12/20/2011 17:12,504410,,LT3208-37933,,,1,269.99,0
12/19/2011 19:30,12/20/2011 14:52,504419,,46VX700U-37924,,,1,524.99,0
12/19/2011 19:53,12/19/2011 20:13,504427,,ACC/ICC615-30932,,,1,3.88,0
12/19/2011 20:00,12/20/2011 17:12,504434,,LE1920-35198,,,1,99.99,0
12/19/2011 20:00,12/20/2011 17:12,504435,,NSX32GT1-39571,,,1,460.99,0
12/19/2011 20:30,12/20/2011 17:34,504441,,MBPDAUX1-25492,,,1,17.99,0
12/19/2011 21:00,12/20/2011 17:12,504453,,SCBTT370-39163,,,1,307.95,0
12/19/2011 21:00,12/20/2011 17:12,504454,,TCP42X3-29881,,,1,399.99,0
12/19/2011 21:00,12/20/2011 17:12,504455,,LED2420-39584,,,1,159.99,0
12/19/2011 22:00,12/20/2011 17:12,504476,,DP7510-36945,,,1,49.99,0
12/19/2011 22:44,12/21/2011 16:58,504507,,ACC/PS3SCE98050-39500,,,1,33.99,0
12/19/2011 23:30,12/20/2011 17:12,504501,,LE1920-35198,,,1,99.99,0
12/19/2011 23:40,12/20/2011 17:12,504506,,ACC/MH2001-35139,,,1,6.99,0
12/20/2011 2:30,12/20/2011 17:12,504542,,UN22D5003-39146,,,1,199.89,0
12/20/2011 3:00,12/20/2011 17:12,504558,,XU015UT-39536,,,1,363.21,0
12/20/2011 7:20,12/20/2011 17:12,504610,,XU015UT-39536,,,1,367.99,0
12/20/2011 8:00,12/20/2011 17:11,504624,,DC550NA-30844,,,1,32.95,0
12/20/2011 12:00,12/21/2011 16:58,505405,,DV66128NR-39183,,,1,494.99,0
12/20/2011 12:30,12/21/2011 12:12,505426,,SDFPS-24686,,,1,6.99,0
12/20/2011 13:50,12/21/2011 16:58,505474,,42PT350-35669,,,1,447.95,0
12/20/2011 15:00,12/21/2011 16:58,505514,,UDSW10U-38492,,,1,66.99,0
12/20/2011 15:50,12/21/2011 16:58,505539,,47LV4400-39258,,,1,604.99,0
12/20/2011 17:30,12/21/2011 16:58,505569,,IP10-37372,,,1,39.99,0
12/20/2011 19:00,12/21/2011 16:58,505594,,VPCEL22FXB-39186,,,1,399.99,0
12/20/2011 19:30,12/21/2011 12:17,505604,,ACC/RCR3273N-17021,,,1,4.99,0
12/20/2011 20:16,12/21/2011 16:58,505645,,XU015UT-39536,,,1,399.99,0
12/20/2011 22:13,12/21/2011 16:58,505691,,XU015UT-39536,,,1,367.99,0
12/20/2011 22:20,12/21/2011 12:15,505675,,ACC/MC400DFO2M-30949,,,1,7.99,0
12/21/2011 0:31,12/21/2011 16:58,505723,,TCP50S30-39574,,,1,724.99,0
12/21/2011 1:01,12/21/2011 16:58,505732,,LT4268-39110,,,1,404.99,0
12/21/2011 1:20,12/21/2011 16:58,505753,,PN4310-38972,,,1,28.5,0
12/21/2011 8:00,12/21/2011 16:58,505919,,AGS250-39660,,,1,44.99,0
12/21/2011 9:30,12/21/2011 16:58,506526,,SPHM910PKS-39364,,,1,71,9.95
12/21/2011 9:30,12/21/2011 16:57,506525,,VPCEH12FXB-34650,,,1,499.99,0
12/21/2011 10:00,12/21/2011 16:57,506541,,AGS250-39660,,,1,44.99,0
12/21/2011 10:00,12/21/2011 16:57,506542,,0284001106-38290,,,1,127.99,0
12/21/2011 10:00,12/21/2011 16:57,506541,,AGS250-39660,,,1,44.99,0
12/21/2011 10:30,12/22/2011 15:27,506548,,DC550NA-30844,,,1,32.95,0
12/21/2011 11:00,12/22/2011 15:27,506559,,NSX32GT1-39572,,,1,462.99,0
12/21/2011 12:00,12/22/2011 13:56,506584,,ACC/DGIPOD296-38156,,,1,17.99,0
12/21/2011 12:00,12/22/2011 15:27,506585,,PA7305-39611,,,1,36.99,0
12/21/2011 12:30,12/22/2011 15:27,506599,,VPCEH12FXB-34650,,,1,499.99,0
12/21/2011 13:00,12/22/2011 15:27,506613,,PN4310-38969,,,1,35.99,0
12/21/2011 13:00,12/22/2011 15:27,506614,,LT3268-39266,,,1,234.99,0
12/21/2011 13:40,12/22/2011 15:27,507614,,VPCEL24FXB-38436,,,1,394.99,0
12/21/2011 13:49,12/22/2011 15:27,507643,,NSX32GT1-39234,,,1,469.99,0
12/21/2011 14:30,12/22/2011 15:27,507636,,SCXH150-38663,,,1,142.99,0
12/21/2011 15:30,12/22/2011 15:27,507657,,SD1000-39543,,,1,55.99,0
12/21/2011 17:30,12/22/2011 15:27,507703,,FN018UTABA-35987,,,1,220.68,0
12/21/2011 18:20,12/22/2011 15:27,507728,,LHB306-39252,,,1,137.93,0
12/21/2011 21:30,12/22/2011 15:26,511712,,HP2011X-39687,,,1,99.99,0
12/21/2011 22:00,12/22/2011 15:26,511728,,LE1920-34316,,,1,113.99,0
12/21/2011 22:00,12/22/2011 15:26,511729,,DC550NA-39114,,,1,30.99,0
12/21/2011 22:20,12/22/2011 15:27,511733,,IM50302800D-39338,,,1,309.99,0
12/21/2011 23:00,12/22/2011 15:26,511750,,DJG200-38409,,,1,157.99,0
12/21/2011 23:30,12/22/2011 15:03,511759,,SDFPS-24686,,,1,6.99,0
12/21/2011 23:30,12/22/2011 15:26,511760,,MHAV4213-39048,,,1,396.99,0
12/22/2011 3:00,12/23/2011 17:10,511815,,42PT350-37730,,,1,374.99,0
12/22/2011 6:00,12/22/2011 15:26,511830,,24SLV411U-39625,,,1,248.99,0
12/22/2011 9:30,12/22/2011 15:26,512114,,MB915LLA-39516,,,1,92.99,0
12/22/2011 10:46,12/23/2011 15:53,512575,,UDSW10U-38492,,,1,66.99,0
12/22/2011 11:00,12/23/2011 15:53,512231,,LS2250PRW-39576,,,1,52.99,0
12/22/2011 11:30,12/23/2011 15:53,512359,,X53ERH52-39008,,,1,544.99,0
12/22/2011 12:00,12/23/2011 15:53,512581,,PS3SCE98423-39693,,,1,223.99,0
12/22/2011 12:50,12/22/2011 12:56,512596,,VPCEL26FXW-39618,,,1,385.62,0
12/22/2011 13:30,12/23/2011 15:18,512608,,40E210U-38535,,,1,276.95,0
12/22/2011 14:00,12/23/2011 15:52,512623,,RV410-32551,,,1,8.99,0
12/22/2011 15:14,12/23/2011 15:52,512668,,TCP42S30-35295,,,1,495.99,0
12/22/2011 16:00,12/23/2011 15:52,512664,,DV66128NR-39183,,,1,494.99,0
12/22/2011 16:30,12/23/2011 15:52,512679,,NXP3050-39505,,,1,11.99,0
12/22/2011 17:30,12/23/2011 15:52,512702,,X52FX2-39445,,,1,449.99,0
12/22/2011 19:00,12/23/2011 15:52,512773,,LT3268-39669,,,1,206.99,0
12/22/2011 21:00,12/23/2011 15:52,512940,,MA978LLA-39511,,,1,56.99,0
12/22/2011 21:30,12/23/2011 15:52,512952,,MHSFS2V-37942,,,1,86.99,0
12/22/2011 21:50,12/23/2011 15:52,512962,,ACC/MPAV800-38770,,,1,17.99,0
12/22/2011 21:50,12/23/2011 15:52,512963,,HTD550-37690,,,1,144.99,0
12/22/2011 22:00,12/23/2011 15:52,512967,,DP7610-39692,,,1,55.99,0
12/22/2011 22:30,12/23/2011 15:52,512976,,COOLPIXS4100P-39327,,,1,99.99,0
12/23/2011 0:00,12/23/2011 15:52,512998,,PS2PKGTE00-38312,,,1,59.99,0
12/23/2011 6:00,12/23/2011 15:52,513033,,EXZS10PK-38724,,,1,75.99,0
12/23/2011 8:00,12/23/2011 15:52,513045,,018208275281-39396,,,1,534.99,0
12/23/2011 10:00,12/23/2011 15:52,513519,,VPCEL24FXB-38436,,,1,394.99,0
12/23/2011 12:00,12/23/2011 15:52,513545,,NSX32GT1-39234,,,1,467.99,0
12/23/2011 13:30,12/23/2011 15:52,513750,,XB3MICB4F001-39491,,,1,28.99,0
12/23/2011 13:49,12/23/2011 13:53,513754,,ACC/HDTVI-39018,,,1,8.11,0
12/23/2011 14:30,12/23/2011 15:52,513763,,VPCEL24FXB-38436,,,1,363.21,0
12/23/2011 19:30,12/27/2011 17:12,514389,,LBTZX66I-39112,,,1,297.99,0
12/23/2011 19:30,12/27/2011 17:12,514390,,NXP3050-39503,,,1,14.99,0
12/23/2011 21:30,12/27/2011 17:12,514406,,MC540LLA-39428,,,1,148.99,0
12/23/2011 21:30,12/27/2011 17:12,514407,,GQ100-39609,,,1,41.99,0
12/23/2011 22:30,12/27/2011 15:15,514424,,ETCABLEHDAC-38401,,,1,25.99,0
12/23/2011 22:30,12/27/2011 17:12,514425,,PS2PKGACC1-38354,,,1,89.99,0
12/24/2011 0:00,12/27/2011 17:12,514434,,1000WHI001X-39447,,,1,236.99,0
12/24/2011 1:41,12/28/2011 17:03,514456,,NSX32GT1-39919,,,1,475.99,0
12/24/2011 2:00,12/27/2011 17:12,514448,,N3JFXR1-29973,,,1,549.99,0
12/24/2011 9:00,12/27/2011 17:12,514510,,32LV2400-39068,,,1,299.99,0
12/24/2011 10:20,12/27/2011 17:12,514521,,ACC/MPAV800-38770,,,1,17.99,0
12/24/2011 13:00,12/27/2011 17:12,514546,,VGNNW240FB-39547,,,1,319.99,0
12/24/2011 13:30,12/27/2011 17:12,514554,,AX3950UR31P-39200,,,1,367.99,0
12/24/2011 15:30,12/27/2011 17:12,514568,,CA6551-39192,,,1,74.99,0
12/24/2011 16:30,12/27/2011 17:12,514584,,GKM513-39282,,,1,15.99,0
12/24/2011 16:30,12/27/2011 17:12,514585,,VPCEL26FXW-39427,,,1,524.99,0
12/24/2011 18:50,12/27/2011 17:12,514596,,50PW350-37717,,,1,624.99,0
12/24/2011 19:00,12/27/2011 15:12,514599,,NXP3050-39504,,,1,10.99,0
12/24/2011 21:30,12/27/2011 17:12,514614,,FH40010B-38920,,,1,122.99,0
12/24/2011 22:30,12/27/2011 17:12,514622,,VPCEL26FXW-39606,,,1,519.99,0
12/25/2011 1:01,12/27/2011 17:12,514637,,SCHC35-39535,,,1,71.99,0
12/25/2011 8:00,12/29/2011 18:56,514671,,PT5099H-27067,,,1,499.99,0
12/25/2011 10:10,12/27/2011 17:12,514691,,BDPS580-39088,,,1,107.99,0
12/25/2011 11:39,12/27/2011 17:12,514831,,VPCEA43FXWI-39212,,,1,499.99,0
12/25/2011 12:30,12/27/2011 17:12,514710,,NSX40GT1-39405,,,1,569.99,0
12/25/2011 13:00,12/27/2011 17:12,514717,,NSX40GT1-39405,,,1,569.99,0
12/25/2011 13:30,12/29/2011 18:53,514727,,60PZ750-38802,,,1,1249.99,0
12/25/2011 14:00,12/27/2011 17:12,514735,,UN22D5003-38728,,,1,202.99,0
12/25/2011 16:30,12/27/2011 17:11,514765,,TCP50X3-34393,,,1,552.99,0
12/25/2011 17:00,12/27/2011 17:11,514776,,19SL410U-36660,,,1,139.99,0
12/25/2011 18:30,12/27/2011 17:11,514788,,LT2468H-39662,,,1,160.99,0
12/25/2011 18:30,12/27/2011 17:11,514787,,LHB306-39252,,,1,158.99,0
12/25/2011 19:00,12/27/2011 17:11,514797,,XDVD700-38848,,,1,132.99,0
12/25/2011 19:00,12/27/2011 17:11,514796,,MAF30-25102,,,1,26.99,0
12/25/2011 19:00,12/27/2011 17:11,514796,,MAF30-25102,,,1,26.99,0
12/25/2011 19:10,12/27/2011 17:11,514799,,IM50302800D-39187,,,1,309.99,0
12/25/2011 21:30,12/27/2011 17:11,514822,,MB598LLA-39515,,,1,82.99,0
12/25/2011 23:30,12/27/2011 17:11,514850,,CS64192-39658,,,1,34.99,0
12/25/2011 23:30,12/27/2011 17:11,514849,,ITET6061-39640,,,1,37.99,0
12/25/2011 23:30,12/28/2011 14:44,514851,,42PT350-37730,,,1,374.99,0
12/26/2011 11:00,12/27/2011 17:11,514935,,MB598LLA-39512,,,1,79.99,0
12/26/2011 11:30,12/27/2011 17:11,514941,,LE1920-34316,,,1,113.99,0
12/26/2011 11:30,12/27/2011 17:31,514942,,BDVE580-38930,,,1,249.99,0
12/26/2011 13:30,12/27/2011 17:11,515497,,UN22D5003-39661,,,1,232.99,0
12/26/2011 13:56,12/27/2011 17:11,515547,,TCP42S30-35295,,,1,495.99,0
12/26/2011 14:24,12/28/2011 17:03,515559,,NSX32GT1-39919,,,1,475.99,0
12/26/2011 15:00,12/27/2011 17:11,515554,,TFTV3229-39256,,,1,219.99,0
12/26/2011 15:00,12/27/2011 17:11,515555,,DSCW570V-39030,,,1,106.95,0
12/26/2011 15:40,12/27/2011 17:11,515567,,LBTZX66I-39112,,,1,297.99,0
12/26/2011 18:30,12/27/2011 15:20,515629,,ACC/8163CLTC-31039,,,1,2.99,0
12/26/2011 19:00,12/27/2011 17:11,515642,,LED3210-39211,,,1,203.99,0
12/26/2011 20:00,12/27/2011 17:11,515664,,LPF00004-39735,,,1,72.99,0
12/26/2011 20:00,12/27/2011 17:11,515665,,HP2000351NR-39717,,,1,361.99,0
12/26/2011 20:30,12/27/2011 17:11,515675,,ACC/ZLMHD3660TRS-32790,,,1,43.99,0
12/26/2011 20:30,12/27/2011 17:11,515676,,MHCEC909IP-39718,,,1,99.99,0
12/26/2011 21:00,12/27/2011 17:31,515692,,32C110U-39111,,,1,249.99,0
12/26/2011 21:30,12/27/2011 17:11,515703,,014633190458-39471,,,1,30.99,0
12/26/2011 21:30,12/27/2011 17:11,515704,,AGS250-39782,,,1,61.99,0
12/26/2011 22:30,12/27/2011 17:31,515728,,VRDMC6-39785,,,1,86.99,0
12/27/2011 2:31,12/27/2011 17:11,515800,,CQ61420US-38815,,,1,239.99,0
12/27/2011 8:30,12/27/2011 17:11,515843,,L755S5277-39684,,,1,408.99,0
12/27/2011 9:30,12/27/2011 17:31,516144,,32LV2500-37893,,,1,334.99,0
12/27/2011 9:30,12/27/2011 17:11,516145,,LS2250PRW-39824,,,1,60.99,0
12/27/2011 10:00,12/27/2011 17:11,516155,,AS5733Z4469-39799,,,1,340.99,0
12/27/2011 10:30,12/28/2011 17:03,516171,,TF101A1-39615,,,1,329.99,0
12/27/2011 11:30,12/28/2011 17:03,517199,,TCP50X3-35866,,,1,499.99,0
12/27/2011 11:30,12/28/2011 17:03,517200,,XB3MICB4F001-39467,,,1,33.99,0
12/27/2011 11:50,12/28/2011 17:03,517211,,VPCEL24FXB-37147,,,1,449.99,0
12/27/2011 11:50,12/28/2011 17:03,517212,,ACC/ANT1400-39229,,,1,10.99,0
12/27/2011 13:30,12/28/2011 17:03,517250,,0286000032-38964,,,1,74.99,0
12/27/2011 13:30,12/28/2011 17:03,517251,,AOD25713652-39674,,,1,221.99,0
12/27/2011 13:30,12/28/2011 17:03,517252,,DC550NA-30844,,,1,32.95,0
12/27/2011 13:30,12/28/2011 17:03,517253,,EXZS5BK-39138,,,1,69.99,0
12/27/2011 13:55,12/27/2011 17:11,517264,,DBE119-38026,,,1,15.39,0
12/27/2011 14:00,12/28/2011 17:03,517267,,OHTIB2011A-39402,,,1,61.99,0
12/27/2011 14:20,12/28/2011 17:03,517278,,EXZS10PK-37943,,,1,69.88,0
12/27/2011 15:00,12/28/2011 17:02,517295,,EXZS5BK-39094,,,1,63.99,0
12/27/2011 15:10,12/28/2011 17:03,517301,,ACC/ANT121-38992,,,1,7.99,0
12/27/2011 15:20,12/28/2011 17:03,517307,,ACC/VMFB-33567,,,1,17.99,0
12/27/2011 15:30,12/28/2011 17:02,517311,,NSX40GT1-39830,,,1,566.99,0
12/27/2011 15:40,12/28/2011 17:03,517315,,IM50302800D-39187,,,1,309.99,0
12/27/2011 16:53,12/27/2011 19:00,517354,,PN43D450-37939,,,1,318.25,0
12/27/2011 18:30,12/28/2011 17:02,517391,,UN22D5003-38728,,,1,202.99,0
12/27/2011 18:30,12/28/2011 17:02,517392,,SCHTB500-37803,,,1,224.99,0
12/27/2011 18:30,12/28/2011 17:02,517393,,TCL32X30-38328,,,1,287.99,0
12/27/2011 20:00,12/28/2011 17:02,517425,,VPCEG11FXL-39889,,,1,497.99,0
12/27/2011 20:30,12/28/2011 17:02,517434,,DSCWX9-39783,,,1,137.99,0
12/27/2011 21:00,12/28/2011 17:02,517443,,KXTG4021N-39710,,,1,10.99,0
12/27/2011 21:30,12/28/2011 17:02,517455,,nv5384u-39269,,,1,324.99,0
12/28/2011 0:00,12/28/2011 17:02,517503,,BDVE580-38930,,,1,249.99,0
12/28/2011 2:21,12/28/2011 17:02,517522,,L755S5277-39204,,,1,399.99,0
12/28/2011 2:30,12/28/2011 17:02,517524,,MCCL485-39624,,,1,62.99,0
12/28/2011 7:30,12/28/2011 17:02,517733,,VPCEL24FXB-37147,,,1,399.99,0
12/28/2011 8:00,12/28/2011 17:02,517736,,42LK450-39065,,,1,469.99,0
12/28/2011 8:30,12/28/2011 17:02,517789,,32LV2400-39068,,,1,299.99,0
12/28/2011 9:30,12/29/2011 16:43,518318,,MHCEC69i-39719,,,1,62.99,0
12/28/2011 10:00,12/29/2011 16:43,518326,,DC550NA-30844,,,1,32.95,0
12/28/2011 11:00,12/29/2011 16:43,518342,,32C110U-39125,,,1,285.99,0
12/28/2011 12:30,12/29/2011 16:43,519043,,ACC/ANT1400-39229,,,1,10.11,0
12/28/2011 14:30,12/29/2011 13:17,519075,,ACC/ISOUND1597-33976,,,1,19.99,0
12/28/2011 15:20,12/28/2011 19:30,519102,,50PT350-38020,,,1,389.5,0
12/28/2011 16:00,12/29/2011 16:43,519130,,32LV2400-39068,,,1,299.99,0
12/28/2011 16:30,12/29/2011 13:12,519156,,BRINK-38416,,,1,9.99,0
12/28/2011 17:30,12/29/2011 16:43,519178,,AS5733Z4469-39285,,,1,292.99,0
12/28/2011 19:00,12/29/2011 16:43,519208,,TCL32X30-38745,,,1,331.99,0
12/28/2011 20:00,12/29/2011 16:43,519229,,SLED2228-39623,,,1,171.99,0
12/28/2011 20:30,12/29/2011 16:44,519244,,G5914-38429,,,1,23.99,0
12/28/2011 20:30,12/29/2011 16:44,519243,,IM5030S2800-39340,,,1,353.99,0
12/28/2011 21:00,12/29/2011 16:44,519350,,LT1968-32074,,,1,97.99,0
12/28/2011 21:20,12/29/2011 16:43,519356,,EXZS10PK-38248,,,1,69.99,0
12/28/2011 21:50,12/29/2011 16:44,519375,,IM50302800D-39187,,,1,309.99,0
12/28/2011 22:00,12/29/2011 16:44,519378,,DVDC350-39740,,,1,27.99,0
12/28/2011 22:00,12/29/2011 18:58,519377,,PT5099H-27067,,,1,499.99,0
12/28/2011 22:30,12/30/2011 16:36,519392,,IM5030S2800-39340,,,1,353.99,0
12/29/2011 6:00,12/29/2011 16:44,519560,,NSX40GT1-39587,,,1,564.99,0
12/29/2011 7:00,12/29/2011 16:44,519567,,L755S5277-39204,,,1,399.99,0
12/29/2011 11:30,12/30/2011 16:36,520124,,GP447-31800,,,1,59.99,0
12/29/2011 11:40,12/30/2011 16:36,520125,,HTD550-37690,,,1,144.99,0
12/29/2011 12:00,12/30/2011 16:36,520139,,KXTG4011N-39709,,,1,21.99,0
12/29/2011 13:30,12/30/2011 16:36,522581,,IM50302800D-39187,,,1,309.99,0
12/29/2011 13:40,12/30/2011 16:36,522586,,IM50302800D-37322,,,1,309.99,0
12/29/2011 14:00,12/30/2011 16:36,522600,,32C110U-39125,,,1,285.99,0
12/29/2011 15:00,12/30/2011 16:36,522640,,DVL085-38203,,,1,27.99,0
12/29/2011 16:00,12/30/2011 16:36,522678,,AS55165474-39532,,,1,221.99,0
12/29/2011 16:00,12/30/2011 12:14,522677,,9802280403-38482,,,1,37.99,0
12/29/2011 17:00,12/30/2011 16:36,522702,,KAC8104D-39519,,,1,109.99,0
12/29/2011 17:00,12/30/2011 16:36,522703,,JDTV750-39168,,,1,59.99,0
12/29/2011 17:10,12/30/2011 16:36,522704,,SMGHTC5500-38761,,,1,206.89,0
12/29/2011 17:30,12/30/2011 16:36,522713,,DMPBD75-38658,,,1,63.99,0
12/29/2011 17:30,12/30/2011 16:36,522712,,LT19A8-39107,,,1,114.99,0
12/29/2011 17:37,12/30/2011 11:27,522715,,MC980LLA-40005,,,1,503.5,0
12/29/2011 18:00,12/30/2011 16:36,522721,,LT19A8-39107,,,1,114.99,0
12/29/2011 18:30,12/30/2011 16:36,522738,,19SL410U-36660,,,1,139.99,0
12/29/2011 18:30,12/30/2011 12:12,522739,,SDFPS-24686,,,1,6.99,0
12/29/2011 19:30,12/30/2011 16:36,522760,,HP2000351NR-39717,,,1,369.99,0
12/29/2011 19:30,12/30/2011 16:36,522759,,AS52500468-39847,,,1,263.99,0
12/29/2011 21:00,12/30/2011 16:36,522787,,50PW350-32082,,,1,619.95,0
12/29/2011 21:30,12/30/2011 16:36,522796,,COOLPIXS4100P-39327,,,1,96.99,0
12/29/2011 22:00,12/30/2011 16:36,522810,,DVPFX970-39796,,,1,78.99,0
12/29/2011 22:30,12/30/2011 16:36,522823,,ACC/ZLMHD3660TRS-38185,,,1,38.99,0
12/29/2011 22:30,12/30/2011 16:36,522824,,ACC/711719806608-39498,,,1,33.99,0
12/29/2011 22:30,12/30/2011 16:36,522825,,DSCWX9-39675,,,1,119.99,0
12/29/2011 22:30,12/30/2011 16:35,522826,,MD7820U-39527,,,1,152.99,0
12/29/2011 23:00,12/30/2011 16:35,522834,,MC540LLA-40014,,,1,138.99,0
12/29/2011 23:30,12/30/2011 16:35,522850,,ACC/SMG306-24187,,,1,14.99,0
12/30/2011 0:00,12/30/2011 16:35,522857,,TCP50X3-35289,,,1,539.99,0
12/30/2011 1:01,12/30/2011 16:35,522870,,MD057LLA-39786,,,1,178.99,0
12/30/2011 2:00,12/30/2011 16:35,522873,,KB5150W-39742,,,1,19.99,0
12/30/2011 5:00,12/30/2011 16:35,522902,,NSX40GT1-40046,,,1,509.99,0
12/30/2011 5:30,12/30/2011 16:35,522904,,LT19A8-39107,,,2,114.99,0
12/30/2011 7:00,12/30/2011 16:35,522911,,4750A-39126,,,1,45.99,0
12/30/2011 8:00,12/30/2011 16:35,522921,,IM50301580O-36445,,,1,309.99,0
12/30/2011 9:00,12/30/2011 16:35,522931,,LT3268-39840,,,1,209.99,0
12/30/2011 15:17,12/30/2011 19:14,523806,,42PT350-35900,,,1,308.75,0
